English,Where it appears,Screen / file,Placeholders,Keep English,Note
Enjoying Link Robins?,Dashboard,dashboard/index,,,
Share your experience on our Wall of Love — it helps other forum owners and only takes a minute.,Dashboard,dashboard/index,,,
Leave a review,Dashboard,"dashboard/index, reviews/index",,,
1. Install the free extension on your forum,Dashboard,dashboard/partials/birdseye-section,,,
"14-day free trial — your key works immediately, and you're not charged until the trial ends.",Dashboard,dashboard/partials/birdseye-section,,,
2. Paste this key into Birdseye's settings in your admin panel,Dashboard,dashboard/partials/birdseye-section,,,
Add analytics,Dashboard,dashboard/partials/birdseye-section,,,
Analytics key,Dashboard,dashboard/partials/birdseye-section,,,
Analytics — Birdseye,Dashboard,dashboard/partials/birdseye-section,,,
Awaiting first check-in,Dashboard,dashboard/partials/birdseye-section,,,
Birdseye key,Dashboard,dashboard/partials/birdseye-section,,,
"Forum analytics that live in your own database — server-side, no JavaScript, no cookies. Install the free extension and paste one key.",Dashboard,dashboard/partials/birdseye-section,,,
Last check-in :ago,Dashboard,dashboard/partials/birdseye-section,:ago,,
Last check-in :ago.,Dashboard,dashboard/partials/birdseye-section,:ago,,
Manage Birdseye key,Dashboard,dashboard/partials/birdseye-section,,,
Next check-in window opens in :time (midnight UTC).,Dashboard,dashboard/partials/birdseye-section,:time,,
"On Birdseye 1.3 or newer, your forum appears here seconds after you save the key in its admin panel. Older versions check in after their first full day of stats (days roll over at midnight UTC). Either way the key binds to your forum on first contact — one key, one forum.",Dashboard,dashboard/partials/birdseye-section,,,
"One key per forum. Billed yearly, cancel anytime — your data never leaves your forum, so there is nothing to export.",Dashboard,dashboard/partials/birdseye-section,,,
Rotate key,Dashboard,dashboard/partials/birdseye-section,,,
The daily check-in window is open now — a newly connected forum usually appears within the hour.,Dashboard,dashboard/partials/birdseye-section,,,
"This key is bound to :host — one key, one forum.",Dashboard,dashboard/partials/birdseye-section,:host,,
"This subscription has ended — the key no longer syncs, but every stat already stored in your forum's database stays yours.",Dashboard,dashboard/partials/birdseye-section,,,
"Visitors, pageviews, search terms, forum health — captured server-side with no JavaScript and no cookies, stored in your forum's own database. We do the math; we keep nothing. Cancel and every stat stays yours.",Dashboard,dashboard/partials/birdseye-section,,,
Waiting for payment confirmation — your key activates automatically.,Dashboard,dashboard/partials/birdseye-section,,,
Show / hide,Dashboard,"dashboard/partials/birdseye-section, dashboard/partials/sandbox-card, dashboard/partials/warble-section",,,
Admin login,Dashboard,dashboard/partials/sandbox-card,,,
All sandbox servers are full right now — you’re in line. Your sandbox starts automatically (and the 4-hour clock only starts then).,Dashboard,dashboard/partials/sandbox-card,,,
Connect your AI (MCP),Dashboard,dashboard/partials/sandbox-card,,,
In line…,Dashboard,dashboard/partials/sandbox-card,,,
"Log in on the forum, then open Administration from your user menu.",Dashboard,dashboard/partials/sandbox-card,,,
Manage sandbox :name,Dashboard,dashboard/partials/sandbox-card,:name,,
Registered as a Composer source. Install or update it from Admin → Extensions (Extension Manager).,Dashboard,dashboard/partials/sandbox-card,,,
Setting up your sandbox — this takes about a minute. We’ll reveal it once Flarum is live.,Dashboard,dashboard/partials/sandbox-card,,,
Shut down,Dashboard,dashboard/partials/sandbox-card,,,
Standing up…,Dashboard,dashboard/partials/sandbox-card,,,
"Write mode, with the extension manager — your AI can install extensions and run diagnostics.",Dashboard,dashboard/partials/sandbox-card,,,
Ready,Dashboard,"dashboard/partials/sandbox-card, dashboard/partials/sandbox-section",,,
Your extension repo,Dashboard,"dashboard/partials/sandbox-card, dashboard/partials/sandbox-section",,,
Open,Dashboard,"dashboard/partials/sandbox-card, monitors/partials/context-menu",,,
Database,Dashboard,"dashboard/partials/sandbox-card, shared/hosting-history",,,
A distinct driver from MariaDB in Flarum 2.0 — test against real MySQL.,Dashboard,dashboard/partials/sandbox-section,,,
"A throwaway Flarum 2.0 + MCP on its own subdomain. Free — runs for 4 hours, then tears down automatically. Shut it down anytime.",Dashboard,dashboard/partials/sandbox-section,,,
Access token for a private repo,Dashboard,dashboard/partials/sandbox-section,,,
Choose a database,Dashboard,dashboard/partials/sandbox-section,,,
Default — what most extensions are built and tested against.,Dashboard,dashboard/partials/sandbox-section,,,
"Free, throwaway Flarum + MCP instances for building and testing extensions — each runs for 4 hours, then tears down automatically.",Dashboard,dashboard/partials/sandbox-section,,,
Launch sandbox,Dashboard,dashboard/partials/sandbox-section,,,
"Lightest option — a single file, no database server.",Dashboard,dashboard/partials/sandbox-section,,,
Max sandboxes running,Dashboard,dashboard/partials/sandbox-section,,,
New engine support in Flarum 2.0.,Dashboard,dashboard/partials/sandbox-section,,,
"Only for private repos. Use a fine-grained, read-only token scoped to that one repo — it lives only in your disposable sandbox.",Dashboard,dashboard/partials/sandbox-section,,,
Public repos need no token. You can also add a repo later from the Extension Manager.,Dashboard,dashboard/partials/sandbox-section,,,
Shut one down to launch another (limit :n).,Dashboard,dashboard/partials/sandbox-section,:n,,
We’ll register it as a Composer source so you can install/update it from the Extension Manager.,Dashboard,dashboard/partials/sandbox-section,,,
Launch a sandbox,Dashboard,"dashboard/partials/sandbox-section, sandbox/index",,,
down,Dashboard,dashboard/partials/uptime-section,,,
Latest incidents,Dashboard,dashboard/partials/uptime-section,,,
New monitor,Dashboard,dashboard/partials/uptime-section,,,
No monitors yet.,Dashboard,dashboard/partials/uptime-section,,,
up,Dashboard,dashboard/partials/uptime-section,,,
Upcoming maintenance,Dashboard,dashboard/partials/uptime-section,,,
No data,Dashboard,"dashboard/partials/uptime-section, incidents/index, incidents/show (+3 more)",,,
Add your first monitor,Dashboard,"dashboard/partials/uptime-section, monitoring/index",,,
View all,Dashboard,"dashboard/partials/uptime-section, monitors/overview",,,
1. Install the extension on your forum (Realtime comes with it),Dashboard,dashboard/partials/warble-section,,,
"2. Enable Realtime + Warble in your admin panel, then paste this key into Warble",Dashboard,dashboard/partials/warble-section,,,
Add realtime,Dashboard,dashboard/partials/warble-section,,,
All realtime servers are full right now — you’re in line. Your endpoint sets up automatically as soon as capacity frees up.,Dashboard,dashboard/partials/warble-section,,,
App ID,Dashboard,dashboard/partials/warble-section,,,
Change,Dashboard,dashboard/partials/warble-section,,,
connections,Dashboard,dashboard/partials/warble-section,,,
Create endpoint,Dashboard,dashboard/partials/warble-section,,,
"Free: no card, pauses after 30 idle days. Paid: cancel anytime. Above 2,000 connections, you’re ready to self-host — run flarum/realtime’s stock daemon instead.",Dashboard,dashboard/partials/warble-section,,,
"Hosted realtime for a Flarum forum you own — live discussions, typing, presence, unlimited messages. Install the Warble extension and paste your key.",Dashboard,dashboard/partials/warble-section,,,
"Hosted realtime for your Flarum forum — live discussions, typing, presence. Install the Warble extension and paste one key. Unlimited messages.",Dashboard,dashboard/partials/warble-section,,,
Key,Dashboard,dashboard/partials/warble-section,,,
Manage Warble :name,Dashboard,dashboard/partials/warble-section,:name,,
Manual config (app id / key / secret),Dashboard,dashboard/partials/warble-section,,,
no card,Dashboard,dashboard/partials/warble-section,,,
"On the free tier (100 connections, pauses after 30 idle days). Upgrade for more — no pause, still a flat yearly price.",Dashboard,dashboard/partials/warble-section,,,
Paused — idle,Dashboard,dashboard/partials/warble-section,,,
Provisioning failed — we’re on it.,Dashboard,dashboard/partials/warble-section,,,
Realtime — Warble,Dashboard,dashboard/partials/warble-section,,,
Resume free endpoint,Dashboard,dashboard/partials/warble-section,,,
Rotate credentials,Dashboard,dashboard/partials/warble-section,,,
This free endpoint was paused after 30 days with no connections. Your keys and address are kept — resume and it’s back in a couple of minutes.,Dashboard,dashboard/partials/warble-section,,,
up to :n connections,Dashboard,dashboard/partials/warble-section,:n,,
Upgrade to a paid plan,Dashboard,dashboard/partials/warble-section,,,
you already have one,Dashboard,dashboard/partials/warble-section,,,
Your realtime endpoint is being set up — this takes a minute.,Dashboard,dashboard/partials/warble-section,,,
Upgrade,Dashboard,"dashboard/partials/warble-section, shared/features/locked",,,
Date checked,Monitors,monitors/checks,,,
Refresh report,Monitors,"monitors/checks, monitors/incidents",,,
Report generated on :date at :time (UTC :offset).,Monitors,"monitors/checks, monitors/incidents",:date :time :offset,,
Response status code,Monitors,"monitors/checks, monitors/overview",,,
Checks,Monitors,"monitors/checks, monitors/overview, monitors/partials/header",,,
Checked at,Monitors,"monitors/checks, monitors/partials/domain-status-tooltip, monitors/partials/http-status-tooltip (+1 more)",,,
Call this URL from your job — e.g. crontab:,Monitors,monitors/edit,,,
Destination,Monitors,monitors/edit,,,
Extra time allowed past the expected interval before the monitor is marked offline.,Monitors,monitors/edit,,,
Failed,Monitors,monitors/edit,,,
Ping URL,Monitors,monitors/edit,,,
Recent webhook deliveries,Monitors,monitors/edit,,,
Signal an explicit failure with,Monitors,monitors/edit,,,
The monitor type can't be changed after creation.,Monitors,monitors/edit,,,
:api_token and :chat_id must be separated by a space.,Monitors,"monitors/edit, monitors/new",:api_token :chat_id,,
:app_token and :user_key must be separated by a space. :url,Monitors,"monitors/edit, monitors/new",:app_token :user_key :url,,
Alert :day day before,Monitors,"monitors/edit, monitors/new",:day,,
Alert :days days before,Monitors,"monitors/edit, monitors/new",:days,,
Appends a unique string at the end of the URL so that every request is unique.,Monitors,"monitors/edit, monitors/new",,,
Domain name monitoring,Monitors,"monitors/edit, monitors/new",,,
Grace period,Monitors,"monitors/edit, monitors/new",,,
HTTP authentication,Monitors,"monitors/edit, monitors/new",,,
Method,Monitors,"monitors/edit, monitors/new",,,
Paste your full Gotify message URL including the app token. :url,Monitors,"monitors/edit, monitors/new",:url,,
Paste your full IFTTT Maker Webhook URL. :url,Monitors,"monitors/edit, monitors/new",:url,,
Paste your full ntfy topic URL. :url,Monitors,"monitors/edit, monitors/new",:url,,
Request,Monitors,"monitors/edit, monitors/new",,,
SSL certificate monitoring,Monitors,"monitors/edit, monitors/new",,,
Text lookup,Monitors,"monitors/edit, monitors/new",,,
Unlock feature,Monitors,"monitors/edit, monitors/new",,,
+10000000000,Monitors,"monitors/edit, monitors/new, monitors/partials/advanced-alerting",,yes,
api:token chat_id,Monitors,"monitors/edit, monitors/new, monitors/partials/advanced-alerting",:token,yes,
app_token user_key,Monitors,"monitors/edit, monitors/new, monitors/partials/advanced-alerting",,yes,
Off,Monitors,"monitors/edit, monitors/new, monitors/partials/advanced-alerting",,,
Hide password,Monitors,"monitors/edit, monitors/new, status-pages/edit (+1 more)",,,
Show password,Monitors,"monitors/edit, monitors/new, status-pages/edit (+1 more)",,,
Search monitors,Monitors,monitors/index,,,
Search monitors…,Monitors,monitors/index,,,
Extra time allowed past the expected interval before the monitor is marked offline. Your ping URL is shown after the monitor is created.,Monitors,monitors/new,,,
:month :day,Monitors,monitors/overview,:month :day,yes,
:year :month,Monitors,monitors/overview,:year :month,yes,
H:i,Monitors,monitors/overview,:i,yes,
No incidents found.,Monitors,monitors/overview,,,
Y-m,Monitors,monitors/overview,,yes,
:count minutes,Monitors,monitors/partials/advanced-alerting,:count,,
A second channel set used only by the escalation.,Monitors,monitors/partials/advanced-alerting,,,
Escalate after,Monitors,monitors/partials/advanced-alerting,,,
Escalation channels,Monitors,monitors/partials/advanced-alerting,,,
Every :count minutes,Monitors,monitors/partials/advanced-alerting,:count,,
Fire the escalation channels once if the incident is still ongoing.,Monitors,monitors/partials/advanced-alerting,,,
Re-send the alert channels while the incident is ongoing.,Monitors,monitors/partials/advanced-alerting,,,
Repeat alerts,Monitors,monitors/partials/advanced-alerting,,,
Are you sure you want to pause :name?,Monitors,monitors/partials/context-menu,:name,,
Are you sure you want to resume :name?,Monitors,monitors/partials/context-menu,:name,,
"Deleting this monitor is permanent, and will remove all the data associated with it.",Monitors,monitors/partials/context-menu,,,
Duplicate,Monitors,monitors/partials/context-menu,,,
Duplicate :name? The copy starts as a fresh monitor with the same settings.,Monitors,monitors/partials/context-menu,:name,,
Resume,Monitors,monitors/partials/context-menu,,,
Active domain name,Monitors,monitors/partials/domain-status-tooltip,,,
Domain name,Monitors,monitors/partials/domain-status-tooltip,,,
Expired domain name,Monitors,monitors/partials/domain-status-tooltip,,,
Registrar,Monitors,monitors/partials/domain-status-tooltip,,,
Check interval,Monitors,"monitors/partials/domain-status-tooltip, monitors/partials/http-status-tooltip, monitors/partials/ssl-status-tooltip",,,
Expires at,Monitors,"monitors/partials/domain-status-tooltip, monitors/partials/ssl-status-tooltip",,,
All time,Monitors,monitors/partials/header,,,
April,Monitors,monitors/partials/header,,,
August,Monitors,monitors/partials/header,,,
December,Monitors,monitors/partials/header,,,
February,Monitors,monitors/partials/header,,,
Fr,Monitors,monitors/partials/header,,,
January,Monitors,monitors/partials/header,,,
July,Monitors,monitors/partials/header,,,
June,Monitors,monitors/partials/header,,,
Last month,Monitors,monitors/partials/header,,,
March,Monitors,monitors/partials/header,,,
May,Monitors,monitors/partials/header,,,
Mo,Monitors,monitors/partials/header,,,
November,Monitors,monitors/partials/header,,,
October,Monitors,monitors/partials/header,,,
Sa,Monitors,monitors/partials/header,,,
September,Monitors,monitors/partials/header,,,
Su,Monitors,monitors/partials/header,,,
Th,Monitors,monitors/partials/header,,,
This month,Monitors,monitors/partials/header,,,
Tu,Monitors,monitors/partials/header,,,
We,Monitors,monitors/partials/header,,,
Yesterday,Monitors,monitors/partials/header,,,
Toggle navigation,Monitors,"monitors/partials/header, shared/header",,,
Last :days days,Monitors,"monitors/partials/header, status-pages/show",:days,,
Today,Monitors,"monitors/partials/header, status-pages/show",,,
:status ending on :date,Monitors,monitors/partials/http-status-tooltip,:status :date,,
:status for :duration,Monitors,monitors/partials/http-status-tooltip,:status :duration,,
:status is scheduled to start on :start_date and end on :end_date.,Monitors,monitors/partials/http-status-tooltip,:status :start_date :end_date,,
Invalid,Monitors,monitors/partials/real-time,,,
Valid,Monitors,monitors/partials/real-time,,,
Invalid SSL certificate,Monitors,monitors/partials/ssl-status-tooltip,,,
Issuer,Monitors,monitors/partials/ssl-status-tooltip,,,
Organization,Monitors,monitors/partials/ssl-status-tooltip,,,
Signature algorithm,Monitors,monitors/partials/ssl-status-tooltip,,,
Valid SSL certificate,Monitors,monitors/partials/ssl-status-tooltip,,,
Leave the end date empty if the incident is ongoing.,Incidents,"incidents/edit, incidents/new",,,
Incident,Incidents,"incidents/edit, incidents/new, incidents/show",,,
Search incidents,Incidents,incidents/index,,,
Search incidents…,Incidents,incidents/index,,,
Started,Incidents,"incidents/index, incidents/partials/tooltip, incidents/show (+1 more)",,,
Are you sure you want to export this table?,Incidents,"incidents/index, monitors/incidents",,,
Export,Incidents,"incidents/index, monitors/incidents, status-pages/subscribers",,,
Also affects,Incidents,incidents/new,,,
Optional — additional monitors affected by this incident.,Incidents,incidents/new,,,
Acknowledge,Incidents,incidents/partials/context-menu,,,
Are you sure you want to acknowledge the incident for the :name monitor?,Incidents,incidents/partials/context-menu,:name,,
Are you sure you want to mark the incident as resolved for the :name monitor?,Incidents,incidents/partials/context-menu,:name,,
"Deleting this incident is permanent, and will remove all the data associated with it.",Incidents,incidents/partials/context-menu,,,
Resolve,Incidents,incidents/partials/context-menu,,,
Add,Incidents,incidents/show,,,
Incident acknowledged.,Incidents,incidents/show,,,
Incident resolved.,Incidents,incidents/show,,,
Incident started.,Incidents,incidents/show,,,
Post an update,Incidents,incidents/show,,,
"Posting a ""Resolved"" update also resolves the incident.",Incidents,incidents/show,,,
Received :cause response from :location on :url.,Incidents,incidents/show,:cause :location :url,,
Sent out :service alert to :value.,Incidents,incidents/show,:service :value,,
Sent out :service alert.,Incidents,incidents/show,:service,,
Summary,Incidents,incidents/show,,,
Timeline,Incidents,incidents/show,,,
This window is currently active — checks and alerts for its monitors are paused.,Maintenance windows,maintenance/edit,,,
This window was cancelled on :date.,Maintenance windows,maintenance/edit,:date,,
Maintenance window,Maintenance windows,"maintenance/edit, maintenance/new",,,
Are you sure?,Maintenance windows,maintenance/index,,,
Maintenance windows,Maintenance windows,maintenance/index,,,
Upcoming,Maintenance windows,maintenance/index,,,
End,Maintenance windows,maintenance/partials/fields,,,
Shown on status pages and in subscriber notifications.,Maintenance windows,maintenance/partials/fields,,,
The window has started — the start time is locked.,Maintenance windows,maintenance/partials/fields,,,
"While the window is active, checks and alerts for its monitors are paused, status pages show a maintenance notice, and the period is excluded from uptime.",Maintenance windows,maintenance/partials/fields,,,
A live status badge.,Status page (public),status-pages/edit,,,
"Create a CNAME record for :domain pointing to :target, then click Verify. Certificates are issued automatically — this can take a few minutes after the DNS change.",Status page (public),status-pages/edit,:domain :target,,
Email subscribers,Status page (public),status-pages/edit,,,
Embed,Status page (public),status-pages/edit,,,
Extra links shown in the status page navbar (up to 4). These open in a new tab.,Status page (public),status-pages/edit,,,
Manage subscribers,Status page (public),status-pages/edit,,,
Markdown,Status page (public),status-pages/edit,,yes,
Per-monitor variant: append,Status page (public),status-pages/edit,,,
Provisioning,Status page (public),status-pages/edit,,,
Serve this status page on your own domain. Point a CNAME at :target and save.,Status page (public),status-pages/edit,:target,,
"Show a subscribe form on the status page — visitors get an email when an incident is reported, updated, or resolved.",Status page (public),status-pages/edit,,,
Status badge,Status page (public),status-pages/edit,,,
Verify,Status page (public),status-pages/edit,,,
Your status page is served at,Status page (public),status-pages/edit,,,
12-hour,Status page (public),"status-pages/edit, status-pages/new",,,
24-hour,Status page (public),"status-pages/edit, status-pages/new",,,
24-hour compact,Status page (public),"status-pages/edit, status-pages/new",,,
Accent,Status page (public),"status-pages/edit, status-pages/new",,,
Add link,Status page (public),"status-pages/edit, status-pages/new",,,
Allow search engines to index the status page.,Status page (public),"status-pages/edit, status-pages/new",,,
Background,Status page (public),"status-pages/edit, status-pages/new",,,
Cards,Status page (public),"status-pages/edit, status-pages/new",,,"A colour swatch label in the status page theme editor, beside Background / Text / Muted text — the card surfaces, not playing cards or payment cards."
Currently showing the :season palette; it changes automatically through the year.,Status page (public),"status-pages/edit, status-pages/new",:season,,
Drag to reorder,Status page (public),"status-pages/edit, status-pages/new",,,
Index,Status page (public),"status-pages/edit, status-pages/new",,,"SEO setting in the status page editor — allow search engines to index the page. Paired with ""Noindex""; not the REST verb here."
Label,Status page (public),"status-pages/edit, status-pages/new",,,
Layout,Status page (public),"status-pages/edit, status-pages/new",,,
Muted text,Status page (public),"status-pages/edit, status-pages/new",,,
Navigation Links,Status page (public),"status-pages/edit, status-pages/new",,,
Noindex,Status page (public),"status-pages/edit, status-pages/new",,,"SEO setting in the status page editor — the opposite of the ""Index"" radio above it."
Optional — shown below the status banner,Status page (public),"status-pages/edit, status-pages/new",,,
Remove,Status page (public),"status-pages/edit, status-pages/new",,,
Reset colors to theme,Status page (public),"status-pages/edit, status-pages/new",,,
Seasonal,Status page (public),"status-pages/edit, status-pages/new",,,
Seasonal — changes automatically by date,Status page (public),"status-pages/edit, status-pages/new",,,
SEO,Status page (public),"status-pages/edit, status-pages/new",,yes,
Status page accessible by anyone.,Status page (public),"status-pages/edit, status-pages/new",,,
Status page accessible by password.,Status page (public),"status-pages/edit, status-pages/new",,,
Status page accessible only by you.,Status page (public),"status-pages/edit, status-pages/new",,,
Text,Status page (public),"status-pages/edit, status-pages/new",,,
The color scheme visitors see. Fine-tune the colors below.,Status page (public),"status-pages/edit, status-pages/new",,,
The primary website URL.,Status page (public),"status-pages/edit, status-pages/new",,,
The URL slug of the status page.,Status page (public),"status-pages/edit, status-pages/new",,,
Time format,Status page (public),"status-pages/edit, status-pages/new",,,
Time zone,Status page (public),"status-pages/edit, status-pages/new",,,
"Times on your public status page show in this zone, labelled, with UTC alongside.",Status page (public),"status-pages/edit, status-pages/new",,,
Your public status page is shown in this language to everyone who visits it.,Status page (public),"status-pages/edit, status-pages/new",,,
Search status pages,Status page (public),status-pages/index,,,
Search status pages…,Status page (public),status-pages/index,,,
Extra links shown in the status page navbar (up to 10). These open in a new tab.,Status page (public),status-pages/new,,,
"Deleting this status page is permanent, and will remove all the data associated with it.",Status page (public),status-pages/partials/context-menu,,,
Add a monitor,Status page (public),status-pages/partials/monitor-board,,,
Add category,Status page (public),status-pages/partials/monitor-board,,,
Category name,Status page (public),status-pages/partials/monitor-board,,,
Drag to reorder this section,Status page (public),status-pages/partials/monitor-board,,,
Move down,Status page (public),status-pages/partials/monitor-board,,,
Move up,Status page (public),status-pages/partials/monitor-board,,,
"Pick monitors from the dropdown. Tap a monitor for move/delete options, or drag it to reorder. Drag a category's handle to reorder sections.",Status page (public),status-pages/partials/monitor-board,,,
Remove category — its monitors move to Uncategorized.,Status page (public),status-pages/partials/monitor-board,,,
Uncategorized,Status page (public),status-pages/partials/monitor-board,,,
Tap for options · drag to reorder,Status page (public),"status-pages/partials/monitor-board-row, status-pages/partials/monitor-board",,,
"Average response time, last 24 hours",Status page (public),status-pages/partials/response-sparkline,,,
ms,Status page (public),status-pages/partials/response-sparkline,,yes,
All services are offline,Status page (public),status-pages/partials/tabs,,,
All services are online,Status page (public),status-pages/partials/tabs,,,
Get incident updates by email,Status page (public),status-pages/partials/tabs,,,
No monitors.,Status page (public),status-pages/partials/tabs,,,
overall uptime,Status page (public),status-pages/partials/tabs,,,
Scheduled maintenance in progress,Status page (public),status-pages/partials/tabs,,,
Some services are offline,Status page (public),status-pages/partials/tabs,,,
Subscribe,Status page (public),status-pages/partials/tabs,,,
Subscription confirmed — you'll get an email when an incident is reported.,Status page (public),status-pages/partials/tabs,,,
until,Status page (public),status-pages/partials/tabs,,,
Status page protected,Status page (public),status-pages/password,,,
This status page is password protected.,Status page (public),status-pages/password,,,
:value uptime,Status page (public),status-pages/show,:value,,
All services have been operating normally.,Status page (public),status-pages/show,,,
Declared,Status page (public),status-pages/show,,,"Public status page incident timeline, followed by a timestamp: when the incident was declared."
No incidents,Status page (public),status-pages/show,,,
No incidents reported,Status page (public),status-pages/show,,,
Scheduled maintenance,Status page (public),status-pages/show,,,
Showing the :count most recent incidents from the last 90 days.,Status page (public),status-pages/show,:count,,
API,Account settings,account/api,,yes,
Copy this key now — it will not be shown again. Regenerate any time to issue a new one.,Account settings,account/api,,,
Your API key is stored hashed. Use Regenerate below to issue a new key — it will be displayed once.,Account settings,account/api,,,
Home,Account settings,"account/api, account/custom-site/register, account/delete (+35 more)",,,
Account,Account settings,"account/api, account/delete, account/index (+6 more)",,,
Copied,Account settings,"account/api, dashboard/partials/birdseye-section, dashboard/partials/sandbox-section (+1 more)",,,
Copy,Account settings,"account/api, dashboard/partials/birdseye-section, dashboard/partials/sandbox-card (+4 more)",,,
API key,Account settings,account/api,,,
Are you sure you want to regenerate the :name key?,Account settings,account/api,:name,,
Regenerate,Account settings,account/api,,,
"Deleting your account is permanent, and will remove all the data associated with it.",Account settings,account/delete,,,
Current password,Account settings,"account/delete, account/security",,,
Delete,Account settings,"account/delete, developers/incidents/index, developers/monitors/index (+11 more)",,,
Change your security information,Account settings,account/index,,,
Forum profile,Account settings,account/index,,,
Manage your forum profile and notification settings,Account settings,account/index,,,
Update your profile information,Account settings,account/index,,,
View your payments,Account settings,account/index,,,
View your payments and invoices,Account settings,account/index,,,
Payments,Account settings,"account/index, account/payments/edit, account/payments/index",,,
Profile,Account settings,"account/index, account/profile",,,
Security,Account settings,"account/index, account/security, auth/tfa",,,
Active until :date,Account settings,account/partials/hosting-card,:date,,
Forum :id,Account settings,account/partials/hosting-card,:id,,
Manage :name,Account settings,account/partials/hosting-card,:name,,
Pending checkout,Account settings,account/partials/hosting-card,,,
Reactivate,Account settings,account/partials/hosting-card,,,
Renews :date,Account settings,account/partials/hosting-card,:date,,
Comped,Account settings,account/partials/hosting-card,,,Badge for a subscription given free of charge by the admin.
Custom Site,Account settings,account/partials/hosting-card,,yes,
:address email address is pending confirmation,Account settings,account/profile,:address,,
"A summary of each monitor's uptime, incidents, and response time, sent on the 1st of the month.",Account settings,account/profile,,,
Ends at,Account settings,account/profile,,,
Leave empty if you don't want to change it,Account settings,account/profile,,,
"Long-form posts from the blog, straight to your inbox.",Account settings,account/profile,,,
Monthly uptime report,Account settings,account/profile,,,
Receive the newsletter,Account settings,account/profile,,,
Confirm new password,Account settings,"account/profile, account/security",,,
New password,Account settings,"account/profile, account/security",,,
Save,Account settings,"account/profile, account/security, checkout/complete (+9 more)",,,
Enabled,Account settings,"account/profile, account/security, developers/monitors/store-update (+2 more)",,,
Disabled,Account settings,"account/profile, account/security, developers/monitors/store-update (+2 more)",,,
Two-factor authentication,Account settings,"account/profile, account/security",,,
Resend,Account settings,"account/profile, auth/tfa, auth/verify",,,
User,Account settings,"account/profile, dashboard/partials/sandbox-card, shared/header",,,
Expired,Account settings,"account/profile, monitors/partials/real-time",,,
Monitors,Account settings,"account/profile, dashboard/partials/uptime-section, developers/index (+10 more)",,,
No,Account settings,account/profile,,,
Yes,Account settings,account/profile,,,
None,Account settings,account/profile,,,
Password,Account settings,"account/profile, auth/login, auth/passwords/reset (+6 more)",,,
Username,Account settings,"account/profile, auth/register, monitors/edit (+1 more)",,,
Timezone,Account settings,account/profile,,,
Status pages,Account settings,"account/profile, dashboard/partials/uptime-section, developers/index (+6 more)",,,
Role,Account settings,account/profile,,,
Users,Account settings,account/profile,,,
"3–20 characters. Letters, numbers, hyphens and underscores only. No spaces.",Account settings,"account/profile, auth/register",,,
Didn't receive the email?,Account settings,"account/profile, auth/tfa, auth/verify",,,
Log out other devices,Account settings,account/security,,,
"Lost a device, or used a shared computer? This signs you out everywhere except the device you're using right now — including anywhere you chose ""remember me"".",Account settings,account/security,,,
Receive two-factor authentication (2FA) codes at :email.,Account settings,account/security,:email,,
Sessions,Account settings,account/security,,,
Accept free month,Account → Hosting,account/hosting,,,
Admin access,Account → Hosting,account/hosting,,,
"Before you go — a free month, on us?",Account → Hosting,account/hosting,,,
Billing & subscription,Account → Hosting,account/hosting,,,
Cancel this forum?,Account → Hosting,account/hosting,,,
Domain,Account → Hosting,account/hosting,,,
Email me a setup link,Account → Hosting,account/hosting,,,
Flarum Hosting,Account → Hosting,account/hosting,,yes,
Manage billing,Account → Hosting,account/hosting,,,
"Manage your plan, payment method, and invoices.",Account → Hosting,account/hosting,,,
Managed :product Hosting,Account → Hosting,account/hosting,:product,,
Managed hosting,Account → Hosting,account/hosting,,,
"No thanks, cancel anyway",Account → Hosting,account/hosting,,,
PHP,Account → Hosting,account/hosting,,yes,
Reactivate Hosting,Account → Hosting,account/hosting,,,
Set or reset your forum admin password,Account → Hosting,account/hosting,,,
Subscription Cancelled,Account → Hosting,account/hosting,,,
This custom-site subscription is cancelled.,Account → Hosting,account/hosting,,,
This offer is available once per forum.,Account → Hosting,account/hosting,,,
"Update your card, view past invoices, or cancel your subscription.",Account → Hosting,account/hosting,,,
"We'd hate to see you cancel. As a one-time offer, we can extend your subscription by 30 days at no cost. Your next charge gets pushed back, no questions asked.",Account → Hosting,account/hosting,,,
What you asked for,Account → Hosting,account/hosting,,,
"Yes, cancel my forum",Account → Hosting,account/hosting,,,
You don't have any managed sites on this account.,Account → Hosting,account/hosting,,,
You've already claimed the one-time retention offer for this forum.,Account → Hosting,account/hosting,,,
"Your forum will stay active until the end of your current billing period. After that, your data will be retained for 30 days for re-activation before final removal.",Account → Hosting,account/hosting,,,
Your hosting subscription has been cancelled. Reactivate to get your Flarum community back online.,Account → Hosting,account/hosting,,,
Your request,Account → Hosting,account/hosting,,,
Your subscription cancellation is scheduled.,Account → Hosting,account/hosting,,,
Your subscription ends on :date. Your site stays online until then.,Account → Hosting,account/hosting,:date,,
Your subscription is active — paid through :date.,Account → Hosting,account/hosting,:date,,
Cancelled,Account → Hosting,"account/hosting, account/partials/hosting-card, account/payments/edit (+5 more)",,,
Cancellation scheduled,Account → Hosting,"account/hosting, account/partials/hosting-card",,,
Active,Account → Hosting,"account/hosting, account/partials/hosting-card, maintenance/index (+2 more)",,,
Flarum,Account → Hosting,"account/hosting, account/partials/hosting-card, shared/hosting-history",,yes,
CPU,Account → Hosting,"account/hosting, account/partials/hosting-card, shared/hosting-history (+1 more)",,yes,
RAM,Account → Hosting,"account/hosting, account/partials/hosting-card, shared/hosting-history (+1 more)",,yes,
Cancel,Account → Hosting,"account/hosting, account/payments/partials/context-menu, account/profile (+10 more)",,,
Close,Account → Hosting,"account/hosting, dashboard/partials/birdseye-section, dashboard/partials/sandbox-card (+11 more)",,,
Billing,Account → Hosting,"account/hosting, dashboard/partials/birdseye-section, dashboard/partials/warble-section",,,
Nothing here yet.,Account → Hosting,"account/hosting, roadmap/index",,,
Deleted,Account → Billing,account/payments/edit,,,
Payment ID,Account → Billing,"account/payments/edit, account/payments/index",,,
Amount,Account → Billing,"account/payments/edit, account/payments/index, account/payments/invoice",,,
Processor,Account → Billing,"account/payments/edit, account/payments/index, account/profile",,,"Payment processor (Stripe), in Account → Billing. Not a CPU."
Plan,Account → Billing,"account/payments/edit, account/payments/index, account/profile (+4 more)",,,
Completed,Account → Billing,"account/payments/edit, account/payments/index, maintenance/index",,,
Month,Account → Billing,"account/payments/edit, account/payments/invoice",,,
One-time,Account → Billing,"account/payments/edit, account/payments/invoice",,,
Year,Account → Billing,"account/payments/edit, account/payments/invoice",,,
Edit,Account → Billing,"account/payments/edit, account/payments/partials/context-menu, account/profile (+16 more)",,,
Admin,Account → Billing,"account/payments/edit, account/profile, incidents/edit (+8 more)",,,
Payment,Account → Billing,account/payments/edit,,,
Invoice ID,Account → Billing,"account/payments/index, account/payments/invoice",,,
Search by,Account → Billing,"account/payments/index, developers/incidents/list, developers/monitors/list (+6 more)",,,
Sort by,Account → Billing,"account/payments/index, developers/incidents/list, developers/monitors/list (+6 more)",,,
Ascending,Account → Billing,"account/payments/index, developers/incidents/list, developers/monitors/list (+7 more)",,,
Descending,Account → Billing,"account/payments/index, developers/incidents/list, developers/monitors/list (+7 more)",,,
Results per page,Account → Billing,"account/payments/index, developers/incidents/list, developers/monitors/list (+6 more)",,,
Search,Account → Billing,"account/payments/index, incidents/index, monitors/checks (+7 more)",,,
Sort,Account → Billing,"account/payments/index, developers/incidents/list, developers/monitors/list (+7 more)",,,
All,Account → Billing,"account/payments/index, incidents/index, monitors/incidents (+2 more)",,,
Filters,Account → Billing,"account/payments/index, incidents/index, monitors/checks (+3 more)",,,
Reset,Account → Billing,"account/payments/index, incidents/index, monitors/checks (+3 more)",,,
Showing :from-:to of :total,Account → Billing,"account/payments/index, incidents/index, monitors/checks (+3 more)",:from :to :total,,
No results found.,Account → Billing,"account/payments/index, incidents/index, maintenance/index (+5 more)",,,
Date created,Account → Billing,"account/payments/index, developers/monitors/list, developers/status-pages/list (+2 more)",,,
Interval,Account → Billing,"account/payments/index, developers/monitors/store-update, monitors/edit (+2 more)",,,
Monthly,Account → Billing,"account/payments/index, checkout/index",,,
Yearly,Account → Billing,"account/payments/index, checkout/index",,,
Back,Account → Billing,account/payments/invoice,,,
Print,Account → Billing,account/payments/invoice,,,
Subtotal,Account → Billing,account/payments/invoice,,,
Client,Account → Billing,account/payments/invoice,,,
Discount,Account → Billing,"account/payments/invoice, checkout/index",,,
Description,Account → Billing,"account/payments/invoice, developers/parameters, maintenance/partials/fields (+2 more)",,,
Address,Account → Billing,"account/payments/invoice, checkout/index",,,
Phone,Account → Billing,"account/payments/invoice, checkout/index",,,
VAT number,Account → Billing,account/payments/invoice,,,
Vendor,Account → Billing,account/payments/invoice,,,Invoice field: the seller issuing the invoice. On the customer's invoice and in Admin → Settings → Invoicing. (Not the Composer sense — I got that wrong on the forum.)
City,Account → Billing,"account/payments/invoice, checkout/index",,,
Country,Account → Billing,"account/payments/invoice, checkout/index",,,
Postal code,Account → Billing,"account/payments/invoice, checkout/index",,,
State,Account → Billing,"account/payments/invoice, checkout/index",,,
excl.,Account → Billing,"account/payments/invoice, checkout/index",,,
incl.,Account → Billing,"account/payments/invoice, checkout/index",,,
Total,Account → Billing,"account/payments/invoice, checkout/index",,,
Are you sure you want to cancel :name?,Account → Billing,account/payments/partials/context-menu,:name,,
"A bespoke website, built from scratch and fully managed — hosting, uptime monitoring and minor ongoing changes included. One simple yearly price, no separate build invoice.",Account → Custom site,account/custom-site/register,,,
Billed yearly. Fully refundable if I'm unable to take on your project after we talk.,Account → Custom site,account/custom-site/register,,,
Custom Site Hosting,Account → Custom site,account/custom-site/register,,yes,
Designed and built for you — not a template.,Account → Custom site,account/custom-site/register,,,
How it works,Account → Custom site,account/custom-site/register,,,
I reach out within 2–3 business days to scope exactly what you want.,Account → Custom site,account/custom-site/register,,,
"I understand I'm paying up front to reserve a build slot, and that I'll be fully refunded if my project isn't accepted.",Account → Custom site,account/custom-site/register,,,
"If it's a good fit, your build starts. If for any reason I can't take it on, you get a full refund — no risk.",Account → Custom site,account/custom-site/register,,,
"Managed hosting, SSL and uptime monitoring included.",Account → Custom site,account/custom-site/register,,,
"Minor changes each month (text, images, small tweaks) included. Larger work is quoted separately.",Account → Custom site,account/custom-site/register,,,
Optional: we register and manage your domain for you. You always own it and can take it with you.,Account → Custom site,account/custom-site/register,,,
Please confirm to continue.,Account → Custom site,account/custom-site/register,,,
Register & Pay,Account → Custom site,account/custom-site/register,,,
Register a custom site,Account → Custom site,account/custom-site/register,,,
You register and pay below.,Account → Custom site,account/custom-site/register,,,
Hosting,Account → Custom site,"account/custom-site/register, account/hosting",,,
Custom site,Account → Custom site,"account/custom-site/register, account/hosting",,yes,
year,Account → Custom site,"account/custom-site/register, birdseye/index, dashboard/partials/birdseye-section (+1 more)",,,
Contact me,Custom sites,custom-sites/invite-invalid,,,
Invitation unavailable,Custom sites,custom-sites/invite-invalid,,,
This invitation isn't available,Custom sites,custom-sites/invite-invalid,,,
"This invitation link has expired, already been used, or been withdrawn. If you think it should still work, just get in touch and I'll sort it out.",Custom sites,custom-sites/invite-invalid,,,
Custom websites,Custom sites,"custom-sites/invite-invalid, custom-sites/invite-mismatch",,yes,
Sign out,Custom sites,custom-sites/invite-mismatch,,,
Sign out and sign back in (or register) with :invited to continue.,Custom sites,custom-sites/invite-mismatch,:invited,,
This invitation is for a different account,Custom sites,custom-sites/invite-mismatch,,,
Wrong account,Custom sites,custom-sites/invite-mismatch,,,
"Your invitation was sent to :invited, but you're signed in as :current.",Custom sites,custom-sites/invite-mismatch,:invited :current,,
"3–63 characters: letters, numbers and hyphens. DNS and SSL are set up automatically.",Checkout,checkout/complete,,,
Enter the domain or subdomain you want your forum hosted on. We'll include the server IP and DNS instructions in your forum's changelog.,Checkout,checkout/complete,,,
Enter the domain or subdomain you want your forum hosted on. You'll point a CNAME record at :target — we issue SSL automatically. Setup instructions land in your forum's changelog.,Checkout,checkout/complete,:target,,
Free subdomain,Checkout,checkout/complete,,,
I have my own domain,Checkout,checkout/complete,,,
no DNS setup needed,Checkout,checkout/complete,,,
"Payment received. While we deploy your site, choose the address your forum will live at — you can change it later from your hosting panel.",Checkout,checkout/complete,,,
Pick your subdomain,Checkout,checkout/complete,,,
Skip for now,Checkout,checkout/complete,,,
Your forum domain,Checkout,checkout/complete,,,
Your new forum is being provisioned,Checkout,checkout/complete,,,
:name plan,Checkout,checkout/index,:name,,
"Billed :interval, after trial ends.",Checkout,checkout/index,:interval,,
Billed :interval.,Checkout,checkout/index,:interval,,
Billed once.,Checkout,checkout/index,,,
Billed yearly,Checkout,checkout/index,,,
"By continuing, you agree with the :terms and authorize :title to charge your payment method on a recurring basis.",Checkout,checkout/index,:terms :title,,
"By continuing, you agree with the :terms.",Checkout,checkout/index,:terms,,
Checkout,Checkout,checkout/index,,,
Coupon code,Checkout,checkout/index,,,
Days,Checkout,checkout/index,,,
Have a coupon code?,Checkout,checkout/index,,,
Need help?,Checkout,checkout/index,,,
Not billed.,Checkout,checkout/index,,,
Order summary,Checkout,checkout/index,,,
Pay :amount :currency,Checkout,checkout/index,:amount :currency,,
Skip trial,Checkout,checkout/index,,,
Unlimited,Checkout,checkout/index,,,
You can cancel your subscription at any time.,Checkout,checkout/index,,,
Get in touch with us.,Checkout,"checkout/index, contact/index",,,
Start,Checkout,"checkout/index, maintenance/partials/fields",,,
Apply,Checkout,"checkout/index, monitors/partials/header",,,
Payment pending,Checkout,checkout/pending,,,
The payment is pending approval.,Checkout,checkout/pending,,,
Confirm payment,Checkout,checkout/processors/stripe,,,
Register,Sign in / register,"auth/login, auth/register, home/index (+1 more)",,,
Terms of service,Sign in / register,"auth/register, checkout/index",,,
Validate,Sign in / register,"auth/tfa, status-pages/password",,,
Add the first entry,"Site chrome (header, footer, search)",shared/changelog-infinite,,,
Loading…,"Site chrome (header, footer, search)","shared/changelog-infinite, shared/hosting-stats",,,
:year ,"Site chrome (header, footer, search)",shared/footer,:year,yes,
Company,"Site chrome (header, footer, search)",shared/footer,,,
Resources,"Site chrome (header, footer, search)",shared/footer,,,
The web service for Flarum — tools and hands-on help for forum owners.,"Site chrome (header, footer, search)",shared/footer,,,
Products,"Site chrome (header, footer, search)","shared/footer, shared/header",,,
Logout,"Site chrome (header, footer, search)",shared/header,,,
Menu,"Site chrome (header, footer, search)",shared/header,,,
"A day counts when a container spends 15+ minutes above 85% of its limit — composer runs, backups, and repairs are filtered out.","Site chrome (header, footer, search)",shared/hosting-capacity,,,
Capacity (last :days days),"Site chrome (header, footer, search)",shared/hosting-capacity,:days,,
Container,"Site chrome (header, footer, search)",shared/hosting-capacity,,,"Docker container, in the hosting capacity readout."
Days near limit,"Site chrome (header, footer, search)",shared/hosting-capacity,,,
Headroom OK,"Site chrome (header, footer, search)",shared/hosting-capacity,,,
Near limits repeatedly,"Site chrome (header, footer, search)",shared/hosting-capacity,,,
Peak CPU (of quota),"Site chrome (header, footer, search)",shared/hosting-capacity,,,
Peak RAM,"Site chrome (header, footer, search)",shared/hosting-capacity,,,
This client has hit sustained peaks near their tier limits on several days. Consider advising a tier upgrade (or a buffer-pool bump if it is the database).,"Site chrome (header, footer, search)",shared/hosting-capacity,,,
Redis,"Site chrome (header, footer, search)",shared/hosting-history,,yes,
Resource History,"Site chrome (header, footer, search)",shared/hosting-history,,,
Live Resource Usage,"Site chrome (header, footer, search)",shared/hosting-stats,,,
Stats not yet available. They appear within 5 minutes of deployment.,"Site chrome (header, footer, search)",shared/hosting-stats,,,
Change language,"Site chrome (header, footer, search)",shared/language-switcher,,,
Close search,"Site chrome (header, footer, search)",shared/search-modal,,,
No results.,"Site chrome (header, footer, search)",shared/search-modal,,,
Search the site…,"Site chrome (header, footer, search)",shared/search-modal,,,
Toggle dark mode,"Site chrome (header, footer, search)",shared/theme-toggle,,,
View,Shared UI label,"incidents/partials/context-menu, monitors/partials/context-menu, status-pages/partials/context-menu",,,
Actions,Shared UI label,"incidents/index, monitors/index, status-pages/index",,,
Title,Shared UI label,"maintenance/index, maintenance/partials/fields",,,
Are you sure you want to delete :name?,Shared UI label,"incidents/partials/context-menu, maintenance/index, monitors/partials/context-menu (+2 more)",:name,,
Dashboard,Shared UI label,"checkout/cancelled, checkout/complete, checkout/pending (+3 more)",,,
Notes,Developers (API docs),developers/notes,,,
Post,Incidents,incidents/show,,,
Overview,Monitors,monitors/partials/header,,,
Expires :when,Dashboard,dashboard/partials/sandbox-card,:when,,
Custom,Monitors,monitors/partials/header,,,
Endpoint,Dashboard,dashboard/partials/warble-section,,,
Uptime,Shared UI label,"dashboard/index, emails/monthly-sla-report, monitoring/index (+3 more)",,,
renews :date,Dashboard,dashboard/partials/birdseye-section,:date,,
Show,Shared UI label,"dashboard/partials/birdseye-section, dashboard/partials/sandbox-card, dashboard/partials/sandbox-section (+6 more)",,,"In the API docs this is the HTTP verb for fetching one record; elsewhere it is the ordinary ""reveal this panel"" button."
Hide,Dashboard,"dashboard/partials/birdseye-section, dashboard/partials/sandbox-section, dashboard/partials/warble-section",,,
Pending DNS,Status page (public),status-pages/edit,,,
Are you sure you want to delete :count records?,Shared UI label,"incidents/index, monitors/index, status-pages/index",:count,,
Bulk actions,Shared UI label,"incidents/index, monitors/index, status-pages/index",,,
Deleted monitor,Shared UI label,"dashboard/partials/uptime-section, incidents/index",,,
Date ended,Shared UI label,"developers/incidents/list, incidents/index, monitors/incidents",,,
Date started,Shared UI label,"developers/incidents/list, incidents/index, monitors/incidents",,,
Unresolved,Shared UI label,"developers/incidents/list, incidents/index, monitors/incidents",,,
Acknowledged,Shared UI label,"developers/incidents/list, incidents/index, monitors/incidents (+1 more)",,,
Status page,Shared UI label,"monitors/index, status-pages/edit, status-pages/new",,,
Unknown,Shared UI label,"incidents/show, monitors/checks, monitors/overview",,,
Public,Shared UI label,"developers/status-pages/store-update, status-pages/edit, status-pages/new",,,
Trial days,Checkout,checkout/index,,,
Default,Status page (public),"status-pages/edit, status-pages/new",,,
optional,Dashboard,dashboard/partials/sandbox-section,,,
Location,Shared UI label,"incidents/show, monitors/checks",,,
Owner,Monitors,monitors/partials/domain-status-tooltip,,,
Ended,Shared UI label,"incidents/index, incidents/partials/tooltip, incidents/show (+1 more)",,,
New,Shared UI label,"incidents/index, incidents/new, maintenance/index (+5 more)",,,
Login,Shared UI label,"auth/login, auth/register, home/index (+1 more)",,,
Private,Shared UI label,"developers/status-pages/store-update, status-pages/edit, status-pages/new",,,
Host,Shared UI label,"dashboard/partials/warble-section, monitors/edit, monitors/new",,,
Port,Shared UI label,"dashboard/partials/warble-section, monitors/edit, monitors/new",,,
Browse,Status page (public),"sponsor/index, status-pages/edit, status-pages/new",,,
Logo,Shared UI label,"developers/status-pages/store-update, status-pages/edit, status-pages/new",,,
Choose file,Status page (public),"status-pages/edit, status-pages/new",,,
Favicon,Shared UI label,"developers/status-pages/store-update, status-pages/edit, status-pages/new",,,
Language,Shared UI label,"shared/language-modal, status-pages/edit, status-pages/new",,,
General,Dashboard,warble/index,,,
Theme,Status page (public),"status-pages/edit, status-pages/new",,,
Billing information,Checkout,checkout/index,,,
Live,Shared UI label,"monitoring/index, shared/hosting-stats, warble/index",,,
Secret,Dashboard,dashboard/partials/warble-section,,,
Webhook URL,Monitors,"monitors/edit, monitors/new, monitors/partials/advanced-alerting",,,
Learn more at :url.,Monitors,"monitors/edit, monitors/new",:url,,
Store,Developers (API docs),"developers/incidents/index, developers/monitors/index, developers/status-pages/index",,,"HTTP verb, not a shop: heading in the API docs verb list (List / Show / Store / Update) and the badge on the ""record created"" webhook field. It means create a new record."
Update,Developers (API docs),"developers/incidents/index, developers/monitors/index, developers/status-pages/index",,,"HTTP verb in the API docs verb list, next to List / Show / Store."
Developers,Developers (API docs),"developers/account/index, developers/incidents/index, developers/index (+3 more)",,,
API endpoint,Developers (API docs),"developers/account/index, developers/incidents/index, developers/monitors/index (+2 more)",,,
Request example,Developers (API docs),"developers/account/index, developers/incidents/index, developers/monitors/index (+2 more)",,,
List,Developers (API docs),"developers/incidents/index, developers/monitors/index, developers/status-pages/index",,,HTTP verb in the API docs verb list (returns a collection).
Monitor ID,Developers (API docs),"developers/incidents/list, developers/incidents/store-update, developers/status-pages/list",,,
:value for :name,Developers (API docs),"developers/incidents/list, developers/monitors/list, developers/monitors/store-update (+3 more)",:value :name,,
Defaults to: :value.,Developers (API docs),"developers/incidents/list, developers/monitors/list, developers/monitors/store-update (+3 more)",:value,,
Possible values are: :values.,Developers (API docs),"developers/incidents/list, developers/monitors/list, developers/monitors/store-update (+3 more)",:values,,
The search query.,Developers (API docs),"developers/incidents/list, developers/monitors/list, developers/status-pages/list",,,
Acknowledged at date in :format format.,Developers (API docs),developers/incidents/store-update,:format,,
Ended at date in :format format.,Developers (API docs),developers/incidents/store-update,:format,,
Started at date in :format format.,Developers (API docs),developers/incidents/store-update,:format,,
Explore our API documentation.,Developers (API docs),developers/index,,,
Manage the account.,Developers (API docs),developers/index,,,
Manage the incidents.,Developers (API docs),developers/index,,,
Manage the monitors.,Developers (API docs),developers/index,,,
Manage the stats.,Developers (API docs),developers/index,,,
Manage the status pages.,Developers (API docs),developers/index,,,
Stats,Developers (API docs),"developers/index, developers/stats/index",,,
Status page ID,Developers (API docs),developers/monitors/list,,,
Password for Basic HTTP request authentication.,Developers (API docs),developers/monitors/store-update,,,
Request header name.,Developers (API docs),developers/monitors/store-update,,,
Request header value.,Developers (API docs),developers/monitors/store-update,,,
Request method,Developers (API docs),developers/monitors/store-update,,,
Text to be looked-up to trigger alerts.,Developers (API docs),developers/monitors/store-update,,,
Username for Basic HTTP request authentication.,Developers (API docs),developers/monitors/store-update,,,
Value of the alert.,Developers (API docs),developers/monitors/store-update,,,
Only works with :field field set to :value.,Developers (API docs),"developers/monitors/store-update, developers/status-pages/store-update",:field :value,,
Alert channels,Developers (API docs),"developers/monitors/store-update, monitors/edit, monitors/new",,,
Alert condition,Developers (API docs),"developers/monitors/store-update, monitors/edit, monitors/new",,,
Cache buster,Developers (API docs),"developers/monitors/store-update, monitors/edit, monitors/new",,,Monitor option: a query parameter appended to the checked URL so a cache cannot serve a stale response.
The number of days before domain name expiration to receive an alert.,Developers (API docs),"developers/monitors/store-update, monitors/edit, monitors/new",,,
The number of days before SSL certificate expiration to receive an alert.,Developers (API docs),"developers/monitors/store-update, monitors/edit, monitors/new",,,
Pause,Developers (API docs),"developers/monitors/store-update, monitors/partials/context-menu",,,
Expert level,Developers (API docs),developers/notes,,,
Get your API key,Developers (API docs),developers/notes,,,
The API key should be sent as a Bearer token in the Authorization header of the request.,Developers (API docs),developers/notes,,,
Optional,Developers (API docs),developers/parameters,,,
Parameter,Developers (API docs),developers/parameters,,,
Required,Developers (API docs),developers/parameters,,,
Ending date in :format format.,Developers (API docs),developers/stats/list,:format,,
Starting date in :format format.,Developers (API docs),developers/stats/list,:format,,
Contact URL,Developers (API docs),developers/status-pages/store-update,,,
Monitor IDs,Developers (API docs),developers/status-pages/store-update,,,
Must be set to :value.,Developers (API docs),developers/status-pages/store-update,:value,,
Remove favicon,Developers (API docs),developers/status-pages/store-update,,,
Remove logo,Developers (API docs),developers/status-pages/store-update,,,
Custom domain,Developers (API docs),"developers/status-pages/store-update, status-pages/edit",,,
Exclude the status page from search engines.,Developers (API docs),"developers/status-pages/store-update, status-pages/edit, status-pages/new",,,
Privacy,Developers (API docs),"developers/status-pages/store-update, status-pages/edit, status-pages/new",,,
Slug,Developers (API docs),"developers/status-pages/store-update, status-pages/edit, status-pages/new",,,
Website URL,Developers (API docs),"developers/status-pages/store-update, status-pages/edit, status-pages/new",,,
About,Public page,"about, shared/footer",,,
Start your free trial,Public page,"birdseye/index, dashboard/partials/birdseye-section",,,
Response time,Public page,"monitoring/index, monitors/checks, monitors/overview",,,
:number checks,Public page,"monitoring/index, monitors/overview",:number,,
checked :ns ago,Public page,"monitoring/index, monitors/overview",:ns,,
checked just now,Public page,"monitoring/index, monitors/overview",,,
Unauthorized,Error pages,errors/401,,,
Go back,Error pages,"errors/401, errors/402, errors/403 (+8 more)",,,
Payment required,Error pages,errors/402,,,
Forbidden,Error pages,errors/403,,,
Not found,Error pages,errors/404,,,
Page expired,Error pages,errors/419,,,
Too many requests,Error pages,errors/429,,,
Server error,Error pages,errors/500,,,
Service unavailable,Error pages,errors/503,,,
[Hosting] Your week on :domain,Email,Mail/AnalyticsDigestMail,:domain,,
Your invitation to a custom website build,Email,Mail/CustomSiteInviteMail,,,
Your forum is live — set your admin password,Email,Mail/HostingReadyMail,,,
:name is experiencing issues.,Email,Mail/IncidentNotificationMail,:name,,
:name — incident reported,Email,Mail/IncidentNotificationMail,:name,,
:name — incident resolved,Email,Mail/IncidentNotificationMail,:name,,
:name — incident update,Email,Mail/IncidentNotificationMail,:name,,
A service,Email,Mail/IncidentNotificationMail,,,Stands in for a monitor name in incident emails when the name is withheld.
The incident affecting :name has been resolved.,Email,Mail/IncidentNotificationMail,:name,,
There is an update on the incident affecting :name.,Email,Mail/IncidentNotificationMail,:name,,
View status page,Email,"Mail/IncidentNotificationMail, Mail/MaintenanceNotificationMail",,,
Severity,Email,"Mail/IncidentNotificationMail, incidents/edit, incidents/new (+1 more)",,,
Affected services,Email,Mail/MaintenanceNotificationMail,,,
Maintenance completed: :title,Email,Mail/MaintenanceNotificationMail,:title,,
Maintenance has been scheduled: :title.,Email,Mail/MaintenanceNotificationMail,:title,,
Maintenance in progress: :title,Email,Mail/MaintenanceNotificationMail,:title,,
Scheduled maintenance has been completed: :title.,Email,Mail/MaintenanceNotificationMail,:title,,
Scheduled maintenance is now in progress: :title.,Email,Mail/MaintenanceNotificationMail,:title,,
Scheduled maintenance: :title,Email,Mail/MaintenanceNotificationMail,:title,,
Period,Email,"Mail/MaintenanceNotificationMail, incidents/edit, incidents/new (+2 more)",,,
View monitor,Email,Mail/MonitorStatusMail,,,
Your :month uptime report,Email,"Mail/MonthlySlaReportMail, emails/monthly-sla-report",:month,,
Invoice,Email,"Mail/PaymentMail, account/payments/edit, account/payments/index (+2 more)",,,
Payment cancelled,Email,"Mail/PaymentMail, checkout/cancelled",,,
The payment was cancelled.,Email,"Mail/PaymentMail, checkout/cancelled",,,
The payment was successful.,Email,"Mail/PaymentMail, checkout/complete",,,
Payment completed,Email,"Mail/PaymentMail, checkout/complete, checkout/pending",,,
Confirm subscription,Email,Mail/SubscribeVerificationMail,,,
Confirm your subscription,Email,Mail/SubscribeVerificationMail,,,
"If you didn't request this, you can safely ignore this email.",Email,Mail/SubscribeVerificationMail,,,
You requested email notifications for incidents on :name. Click the button below to confirm.,Email,Mail/SubscribeVerificationMail,:name,,
Security code,Email,Mail/TfaMail,,,
"If you did not update your email address, no further action is required.",Email,Mail/VerifyNewEmailMail,,,
Please click the button below to verify your email address.,Email,Mail/VerifyNewEmailMail,,,
Verify new email address,Email,Mail/VerifyNewEmailMail,,,
[Warble] Your free realtime endpoint is paused — resume anytime,Email,Mail/WarbleIdlePausedMail,,,
[Warble] Your free realtime endpoint has been quiet — it pauses in a week,Email,Mail/WarbleIdleWarningMail,,,
[Warble] Your week: peak :peak of :cap connections,Email,Mail/WarbleStatsMail,:peak :cap,,
Resource not found.,Message after an action,"Http/Controllers/API/AccountController, Http/Controllers/API/IncidentController, Http/Controllers/API/MonitorController (+3 more)",,,
You have been logged out on all other devices.,Message after an action,Http/Controllers/AccountController,,,
Settings saved.,Message after an action,"Http/Controllers/AccountController, Http/Controllers/AdminController, Http/Controllers/HostingController (+4 more)",,,
A new verification link has been sent to your email address.,Message after an action,"Http/Controllers/AccountController, auth/verify",,,
:name already has a comped Warble.,Message after an action,Http/Controllers/AdminController,:name,,
Note deleted.,Message after an action,Http/Controllers/AdminController,,,
Note saved.,Message after an action,Http/Controllers/AdminController,,,
Note updated.,Message after an action,Http/Controllers/AdminController,,,
Operation denied.,Message after an action,Http/Controllers/AdminController,,,
Warble comped for :name — provisioning :host.,Message after an action,Http/Controllers/AdminController,:name :host,,
:name has been deleted.,Message after an action,"Http/Controllers/AdminController, Http/Controllers/IncidentController, Http/Controllers/MaintenanceWindowController (+3 more)",:name,,
:count records have been deleted.,Message after an action,"Http/Controllers/AdminController, Http/Controllers/IncidentController, Http/Controllers/MonitorController (+1 more)",:count,,
:name has been created.,Message after an action,"Http/Controllers/AdminController, Http/Controllers/MonitorController, Http/Controllers/StatusPageController",:name,,
"Couldn't send the email, but the invite exists. Copy the link manually: :link",Message after an action,Http/Controllers/AdminCustomSiteInviteController,:link,,
Couldn't send the email. Link: :link,Message after an action,Http/Controllers/AdminCustomSiteInviteController,:link,,
Invitation re-sent to :email.,Message after an action,Http/Controllers/AdminCustomSiteInviteController,:email,,
Invitation sent to :email. Link: :link,Message after an action,Http/Controllers/AdminCustomSiteInviteController,:email :link,,
Invitation to :email revoked.,Message after an action,Http/Controllers/AdminCustomSiteInviteController,:email,,
Only a pending invite can be revoked.,Message after an action,Http/Controllers/AdminCustomSiteInviteController,,,
This invite has been used or revoked and can't be resent.,Message after an action,Http/Controllers/AdminCustomSiteInviteController,,,
A new security code has been sent to your email address.,Message after an action,Http/Controllers/Auth/LoginController,,,
The security code is expired.,Message after an action,Http/Controllers/Auth/LoginController,,,
The security code is incorrect.,Message after an action,Http/Controllers/Auth/LoginController,,,
Birdseye cancelled. Your forum keeps every stat already in its database.,Message after an action,Http/Controllers/BirdseyeController,,,
Birdseye removed.,Message after an action,Http/Controllers/BirdseyeController,,,
Key rotated — paste the new key into the Birdseye extension on your forum.,Message after an action,Http/Controllers/BirdseyeController,,,
Billing portal not available yet — your subscription is still being set up.,Message after an action,"Http/Controllers/BirdseyeController, Http/Controllers/HostingController, Http/Controllers/WarbleController",,,
Stripe returned no portal URL.,Message after an action,"Http/Controllers/BirdseyeController, Http/Controllers/HostingController, Http/Controllers/WarbleController",,,
Could not start checkout. Please try again.,Message after an action,"Http/Controllers/BirdseyeController, Http/Controllers/SandboxController, Http/Controllers/WarbleController",,,
Could not open the billing portal — please try again.,Message after an action,"Http/Controllers/BirdseyeController, Http/Controllers/WarbleController",,,
Issues of the newsletter from,Message after an action,Http/Controllers/BlogController,,,"RSS feed description, with the site name appended: ""Issues of the newsletter from Link Robins"". ""from"" = from us, not a date — so the current 发布于 / 發布於 reading is wrong."
Post deleted.,Message after an action,Http/Controllers/BlogController,,,
Post moved to draft.,Message after an action,Http/Controllers/BlogController,,,
Post published.,Message after an action,Http/Controllers/BlogController,,,
Post saved and live — but the forum comments thread could not be created. Save again to retry.,Message after an action,Http/Controllers/BlogController,,,
Posted,Message after an action,Http/Controllers/BlogController,,,
Blog,Message after an action,"../../app/Http/Controllers/BlogController, ../../app/Http/Controllers/SearchController, blog/index (+4 more)",,,
Updated,Message after an action,"Http/Controllers/BlogController, Http/Controllers/SponsoredContentController",,,
We've received your message.,Message after an action,Http/Controllers/ContactController,,,
Thank you!,Message after an action,"Http/Controllers/ContactController, Mail/PaymentMail",,,
Cancellation is already scheduled for this forum.,Message after an action,Http/Controllers/HostingAddonController,,,
Cancellation scheduled. Your forum stays active until the end of your current billing period.,Message after an action,Http/Controllers/HostingAddonController,,,
"Could not cancel right now. Please try again, or contact support.",Message after an action,Http/Controllers/HostingAddonController,,,
"Could not reactivate right now. Please try again, or contact support.",Message after an action,Http/Controllers/HostingAddonController,,,
Domain saved: :domain,Message after an action,Http/Controllers/HostingAddonController,:domain,,
Free month applied! Your next charge has been pushed back 30 days.,Message after an action,Http/Controllers/HostingAddonController,,,
Hosting forum not found.,Message after an action,Http/Controllers/HostingAddonController,,,
Please enter a valid domain name (e.g. forum.example.com).,Message after an action,Http/Controllers/HostingAddonController,,,
Please pick a subdomain name.,Message after an action,Http/Controllers/HostingAddonController,,,
Reactivated. Your subscription will renew normally.,Message after an action,Http/Controllers/HostingAddonController,,,
"Subdomain names are 3–63 characters: letters, numbers and hyphens.",Message after an action,Http/Controllers/HostingAddonController,,,
That domain can't be used — please try another.,Message after an action,Http/Controllers/HostingAddonController,,,
That name is already in use — please pick another.,Message after an action,Http/Controllers/HostingAddonController,,,
This hosting forum has no active subscription to cancel.,Message after an action,Http/Controllers/HostingAddonController,,,
This hosting forum has no active subscription.,Message after an action,Http/Controllers/HostingAddonController,,,
This hosting forum is already scheduled for cancellation.,Message after an action,Http/Controllers/HostingAddonController,,,
This hosting forum is not scheduled for cancellation.,Message after an action,Http/Controllers/HostingAddonController,,,
We could not apply the offer right now. Please try again or contact support.,Message after an action,Http/Controllers/HostingAddonController,,,
We couldn't match your domain to a forum yet — please add it from your forum's settings.,Message after an action,Http/Controllers/HostingAddonController,,,
We couldn't set up DNS just now — please try again in a moment.,Message after an action,Http/Controllers/HostingAddonController,,,
You have already claimed the retention offer for this forum.,Message after an action,Http/Controllers/HostingAddonController,,,
A fresh link is already on its way — please check your email in a minute.,Message after an action,Http/Controllers/HostingController,,,
Client marked as deployed.,Message after an action,Http/Controllers/HostingController,,,
Could not open billing portal — please try again.,Message after an action,Http/Controllers/HostingController,,,
MCP disabled. Redeploy the client to remove the /mcp endpoint.,Message after an action,Http/Controllers/HostingController,,,
MCP enabled. Redeploy the client to start the /mcp endpoint.,Message after an action,Http/Controllers/HostingController,,,
MCP is only available for Flarum forums.,Message after an action,Http/Controllers/HostingController,,,
MCP mode set to :mode. Redeploy to apply.,Message after an action,Http/Controllers/HostingController,:mode,,
Site :op failed: :reason,Message after an action,Http/Controllers/HostingController,:op :reason,,
Site starting. Monitors resume on the next check cycle.,Message after an action,Http/Controllers/HostingController,,,
Site stopped. Monitors paused; visitors will see the site as offline.,Message after an action,Http/Controllers/HostingController,,,
Stripe is not configured.,Message after an action,Http/Controllers/HostingController,,,
This action only applies to Flarum forums.,Message after an action,Http/Controllers/HostingController,,,
Unknown MCP action.,Message after an action,Http/Controllers/HostingController,,,
We're sending a fresh admin set-password link to your email — it should arrive within a minute.,Message after an action,Http/Controllers/HostingController,,,
Your hosting subscription is not active.,Message after an action,Http/Controllers/HostingController,,,
Your plan has a fixed amount of resources — there's nothing to adjust. Need more power? Contact support.,Message after an action,Http/Controllers/HostingController,,,
μs,Message after an action,"Http/Controllers/IncidentController, Http/Controllers/MonitorController",,yes,
Y-m-d,Message after an action,"Http/Controllers/IncidentController, Http/Controllers/MonitorController, Http/Controllers/StatusPageSubscriberController (+24 more)",,yes,
Date,Message after an action,"Http/Controllers/IncidentController, Http/Controllers/MonitorController, Http/Controllers/StatusPageSubscriberController (+3 more)",,,
ID,Message after an action,"Http/Controllers/IncidentController, Http/Controllers/MonitorController, Http/Controllers/StatusPageSubscriberController (+3 more)",,yes,
Type,Message after an action,"Http/Controllers/IncidentController, Http/Controllers/MonitorController, Http/Controllers/StatusPageSubscriberController (+3 more)",,,
Cause,Message after an action,"Http/Controllers/IncidentController, Http/Controllers/MonitorController, Mail/IncidentNotificationMail (+9 more)",,,
Incidents,Message after an action,"Http/Controllers/IncidentController, Http/Controllers/MonitorController, account/profile (+16 more)",,,
Monitor,Message after an action,"../../app/Http/Controllers/IncidentController, ../../app/Http/Controllers/MonitorController, developers/incidents/list (+11 more)",,,
Comment,Message after an action,"../../app/Http/Controllers/IncidentController, ../../app/Http/Controllers/MonitorController, developers/incidents/store-update (+5 more)",,,
Duration,Message after an action,"../../app/Http/Controllers/IncidentController, ../../app/Http/Controllers/MonitorController, incidents/index (+5 more)",,,
URL,Message after an action,"../../app/Http/Controllers/IncidentController, ../../app/Http/Controllers/MonitorController, developers/monitors/list (+4 more)",,yes,
Ended at,Message after an action,"Http/Controllers/IncidentController, Http/Controllers/MonitorController, incidents/edit (+1 more)",,,
Started at,Message after an action,"Http/Controllers/IncidentController, Http/Controllers/MonitorController, incidents/edit (+1 more)",,,
:name has been cancelled.,Message after an action,Http/Controllers/MaintenanceWindowController,:name,,
(copy),Message after an action,Http/Controllers/MonitorController,,,
Failure signal received,Message after an action,Http/Controllers/PingController,,,
Review approved.,Message after an action,Http/Controllers/ReviewController,,,
Review deleted.,Message after an action,Http/Controllers/ReviewController,,,
Review featured.,Message after an action,Http/Controllers/ReviewController,,,
Review unfeatured.,Message after an action,Http/Controllers/ReviewController,,,
Review updated.,Message after an action,Http/Controllers/ReviewController,,,
Thanks! Your review has been submitted and will appear once approved.,Message after an action,Http/Controllers/ReviewController,,,
Your review has already been approved and cannot be edited.,Message after an action,Http/Controllers/ReviewController,,,
Added $:amt — your sandbox balance is now $:bal.,Message after an action,Http/Controllers/SandboxController,:amt :bal,,
All sandbox servers are full right now — you’re in line. Your sandbox will start automatically as soon as capacity frees up.,Message after an action,Http/Controllers/SandboxController,,,
Launching your sandbox — it’ll be ready in a minute.,Message after an action,Http/Controllers/SandboxController,,,
Sandbox not found.,Message after an action,Http/Controllers/SandboxController,,,
Sandboxes aren’t available right now — please check back soon.,Message after an action,Http/Controllers/SandboxController,,,
Shutting down — the meter has stopped and your sandbox is being torn down.,Message after an action,Http/Controllers/SandboxController,,,
Your sandbox balance is $:bal.,Message after an action,Http/Controllers/SandboxController,:bal,,
You’ve hit the limit of :n running sandboxes — shut one down before launching another.,Message after an action,Http/Controllers/SandboxController,:n,,
About Us,Message after an action,Http/Controllers/SearchController,,,
Cookies,Message after an action,Http/Controllers/SearchController,,,
Pages,Message after an action,Http/Controllers/SearchController,,,
Birdseye,Message after an action,"../../app/Http/Controllers/SearchController, birdseye/index, dashboard/index (+3 more)",,yes,
Sandbox,Message after an action,"../../app/Http/Controllers/SearchController, dashboard/index, dashboard/partials/sandbox-card (+4 more)",,yes,
Contact,Message after an action,"../../app/Http/Controllers/SearchController, contact/index, shared/footer",,,
Sponsor,Message after an action,"../../app/Http/Controllers/SearchController, shared/footer, sponsor/index (+1 more)",,,
Warble,Message after an action,"../../app/Http/Controllers/SearchController, dashboard/index, home/index (+2 more)",,yes,
Page,Message after an action,"Http/Controllers/SearchController, emails/analytics-digest",,,
Extensions,Message after an action,"Http/Controllers/SearchController, extensions/show, home/index (+2 more)",,yes,
Uptime Monitoring,Message after an action,"Http/Controllers/SearchController, home/index, monitoring/index (+2 more)",,yes,
Wall of Love,Message after an action,"Http/Controllers/SearchController, reviews/create, reviews/index (+3 more)",,yes,
Privacy Policy,Message after an action,"Http/Controllers/SearchController, shared/footer",,,
Terms of Service,Message after an action,"Http/Controllers/SearchController, shared/footer",,,
Forum,Message after an action,"Http/Controllers/SearchController, shared/footer, shared/header",,,
Cannot delete a server with active clients.,Message after an action,Http/Controllers/ServerController,,,
Server added.,Message after an action,Http/Controllers/ServerController,,,
Server deleted.,Message after an action,Http/Controllers/ServerController,,,
Server updated.,Message after an action,Http/Controllers/ServerController,,,
Approved — the slot is scheduled.,Message after an action,Http/Controllers/SponsoredContentController,,,
Deleted.,Message after an action,Http/Controllers/SponsoredContentController,,,
Not paid yet — approve only paid submissions.,Message after an action,Http/Controllers/SponsoredContentController,,,
Payment could not be started — please try again.,Message after an action,Http/Controllers/SponsoredContentController,,,
Rejected. Refund it from the Stripe dashboard if it was paid.,Message after an action,Http/Controllers/SponsoredContentController,,,
Slot created and scheduled.,Message after an action,Http/Controllers/SponsoredContentController,,,
Almost there — check your inbox to confirm your subscription.,Message after an action,Http/Controllers/StatusPageController,,,
Degraded,Message after an action,Http/Controllers/StatusPageController,,,
Incident history for :name.,Message after an action,Http/Controllers/StatusPageController,:name,,
Not active yet — make sure the CNAME record points to :target and check again in a few minutes.,Message after an action,Http/Controllers/StatusPageController,:target,,
Offline,Message after an action,Http/Controllers/StatusPageController,,,
Online,Message after an action,Http/Controllers/StatusPageController,,,
Paused,Message after an action,Http/Controllers/StatusPageController,,,
Please wait a moment before checking again.,Message after an action,Http/Controllers/StatusPageController,,,
Provisioning started — check again in a minute.,Message after an action,Http/Controllers/StatusPageController,,,
Your domain is active.,Message after an action,Http/Controllers/StatusPageController,,,
Status,Message after an action,"Http/Controllers/StatusPageController, Mail/IncidentNotificationMail, Mail/MaintenanceNotificationMail (+19 more)",,,
Pending,Message after an action,"Http/Controllers/StatusPageController, account/payments/edit, account/payments/index (+6 more)",,,
Resolved,Message after an action,"../../app/Http/Controllers/StatusPageController, developers/incidents/list, incidents/index (+2 more)",,,
Ongoing,Message after an action,"Http/Controllers/StatusPageController, incidents/index, incidents/partials/tooltip (+3 more)",,,
Maintenance,Message after an action,"Http/Controllers/StatusPageController, maintenance/edit, maintenance/index (+3 more)",,,
You have been unsubscribed.,Message after an action,"Http/Controllers/StatusPageController, status-pages/partials/tabs",,,
Unknown monitor,Message after an action,"Http/Controllers/StatusPageController, status-pages/show",,,
Created at,Message after an action,"Http/Controllers/StatusPageSubscriberController, account/payments/edit, account/payments/index (+5 more)",,,
Email,Message after an action,"../../app/Http/Controllers/StatusPageSubscriberController, account/profile, status-pages/subscribers",,,
Verified,Message after an action,"Http/Controllers/StatusPageSubscriberController, account/profile, status-pages/subscribers",,,
Subscribers,Message after an action,"Http/Controllers/StatusPageSubscriberController, status-pages/subscribers",,,
Posted.,Message after an action,Http/Controllers/StatusUpdateController,,,
"Saved, but nothing was posted — no status webhook URL is set in Settings → Social.",Message after an action,Http/Controllers/StatusUpdateController,,,
Already on that plan.,Message after an action,Http/Controllers/WarbleController,,,
Could not update your plan billing — please try again.,Message after an action,Http/Controllers/WarbleController,,,
Credentials rotated — applying to your endpoint. Re-paste your new key in the extension.,Message after an action,Http/Controllers/WarbleController,,,
Plan changed to :tier — applying to your endpoint.,Message after an action,Http/Controllers/WarbleController,:tier,,
Please verify your email address first — the free tier needs a confirmed account.,Message after an action,Http/Controllers/WarbleController,,,
Resuming your free realtime endpoint — back up in a couple of minutes.,Message after an action,Http/Controllers/WarbleController,,,
This app can’t be resumed.,Message after an action,Http/Controllers/WarbleController,,,
Warble cancelled. Your realtime endpoint will stop shortly.,Message after an action,Http/Controllers/WarbleController,,,
Warble removed.,Message after an action,Http/Controllers/WarbleController,,,
You already have a free Warble app — upgrade it when you need more connections.,Message after an action,Http/Controllers/WarbleController,,,
Your free realtime endpoint is being set up — ready in a couple of minutes.,Message after an action,Http/Controllers/WarbleController,,,
Alerts,Form validation,"Http/Requests/StoreMonitorRequest, Http/Requests/UpdateMonitorRequest",,,
Name,Form validation,"Http/Requests/StoreMonitorRequest, Http/Requests/UpdateMonitorRequest, account/payments/invoice (+17 more)",,,
Headers,Form validation,"Http/Requests/StoreMonitorRequest, Http/Requests/UpdateMonitorRequest, monitors/edit (+1 more)",,,
Value,Form validation,"Http/Requests/StoreMonitorRequest, Http/Requests/UpdateMonitorRequest, monitors/edit (+1 more)",,,
Channel,Form validation,"Http/Requests/StoreMonitorRequest, Http/Requests/UpdateMonitorRequest, monitors/edit (+2 more)",,,"Alert channel on the monitor form (email, webhook, Telegram, and so on)."
You cannot demote yourself.,Validation message,Rules/PreventUserDemotionRule,,,
The :attribute field contains a keyword that is banned.,Validation message,Rules/ValidateBannedWordsRule,:attribute,,
The coupon code could not be found.,Validation message,Rules/ValidateCouponCodeRule,,,
The coupon code has expired.,Validation message,Rules/ValidateCouponCodeRule,,,
Invalid cron job key.,Validation message,Rules/ValidateCronjobKeyRule,,,
Invalid edge router token.,Validation message,Rules/ValidateEdgeRouterTokenRule,,,
The :attribute field cannot be in the future.,Validation message,"Rules/ValidateIncidentEndDateRule, Rules/ValidateIncidentStartDateRule",:attribute,,
The :attribute field must be higher than :date,Validation message,"Rules/ValidateIncidentEndDateRule, Rules/ValidateIncidentStartDateRule",:attribute :date,,
The :attribute field is invalid.,Validation message,"Rules/ValidateMonitorOwnershipRule, Rules/ValidateMonitorsOwnershipRule",:attribute,,
The :attribute must be a hostname.,Validation message,Rules/ValidateNotAppDomainRule,:attribute,,
The :attribute is reserved and cannot be used. Please choose a different one.,Validation message,"Rules/ValidateNotAppDomainRule, Rules/ValidateNotReservedSlugRule",:attribute,,
There's already an ongoing incident for this monitor.,Validation message,Rules/ValidateOngoingIncidentRule,,,
The :attribute field cannot be :value when the :field field is present.,Validation message,Rules/ValidatePrivacyFieldRule,:attribute :value :field,,
The URL is not valid.,Validation message,Rules/ValidatePublicUrlRule,,,
The URL points to an internal host.,Validation message,Rules/ValidatePublicUrlRule,,,
Heartbeat missed,Background / system message,Console/Commands/CheckMonitorsCommand,,,
Closed automatically — scheduled maintenance started.,Background / system message,Console/Commands/ProcessMaintenanceWindowsCommand,,,
You don't have access to this feature.,Background / system message,Http/Middleware/EnsureUserHasApiAccess,,,
The expected text was not present in the response body.,Background / system message,Jobs/CheckMonitorChunk,,,
The expected text was present in the response body.,Background / system message,Jobs/CheckMonitorChunk,,,
Connection failed,Background / system message,Jobs/CheckTcpChunk,,,
The URL hostname could not be resolved.,Background / system message,"Jobs/CheckTcpChunk, Rules/ValidatePublicUrlRule",,,
The URL resolves to a private or reserved IP address.,Background / system message,"Jobs/CheckTcpChunk, Rules/ValidatePublicUrlRule",,,
The Numbers,Background / system message,Models/BlogPost,,yes,
Check out :name,Background / system message,../../app/Models/BlogPost,:name,,
From our sponsor,Background / system message,../../app/Models/BlogPost,,,
Backup failed,Background / system message,Models/HostingClient,,,
Backup OK,Background / system message,Models/HostingClient,,,
Backup stale,Background / system message,Models/HostingClient,,,
Backup —,Background / system message,Models/HostingClient,,,
DB OK,Background / system message,Models/HostingClient,,,
DB pressure,Background / system message,Models/HostingClient,,,
DB —,Background / system message,Models/HostingClient,,,
No backup,Background / system message,Models/HostingClient,,,
Provision FAILED,Background / system message,Models/HostingClient,,,
Provision pending,Background / system message,Models/HostingClient,,,
Provisioned,Background / system message,Models/HostingClient,,,
Provisioning…,Background / system message,Models/HostingClient,,,
Queue OK,Background / system message,Models/HostingClient,,,
Queue stuck,Background / system message,Models/HostingClient,,,
Queue —,Background / system message,Models/HostingClient,,,
Heartbeat,Background / system message,Models/Monitor,,,
90-day uptime bars,Background / system message,Models/StatusPage,,,
full width,Background / system message,Models/StatusPage,,,
incident history,Background / system message,Models/StatusPage,,,
narrow width,Background / system message,Models/StatusPage,,,
overall uptime %,Background / system message,Models/StatusPage,,,
response-time sparklines,Background / system message,Models/StatusPage,,,
Shows: :list.,Background / system message,Models/StatusPage,:list,,
Member,Background / system message,Services/ForumClient,,,
:name domain name is expiring soon,Background / system message,Services/MonitorAlertService,:name,,
:name is :status,Background / system message,Services/MonitorAlertService,:name :status,,
:name is now :status.,Background / system message,Services/MonitorAlertService,:name :status,,
:name SSL is expiring soon,Background / system message,Services/MonitorAlertService,:name,,
Alert,Background / system message,Services/MonitorAlertService,,,
Good news,Background / system message,Services/MonitorAlertService,,,
More details at :url.,Background / system message,Services/MonitorAlertService,:url,,
Sent by :name,Background / system message,Services/MonitorAlertService,:name,,
The domain name of :name is expiring in :timeframe.,Background / system message,Services/MonitorAlertService,:name :timeframe,,
The SSL certificate of :name is expiring in :timeframe.,Background / system message,Services/MonitorAlertService,:name :timeframe,,
View Monitor,Background / system message,Services/MonitorAlertService,,,
lang_code,Metadata,catalogue header,,,
lang_dir,Metadata,catalogue header,,,
lang_name,Metadata,catalogue header,,,
1 speaker slot included,Public page,chirp/index,,,
1. Install the extension on your forum,Dashboard,dashboard/partials/chirp-section,,,
"2. Enable Chirp in your admin panel, then paste this channel key",Dashboard,dashboard/partials/chirp-section,,,
"A channel is a dedicated live-audio server for your forum: attach a live room to any discussion, one live at a time per channel. Unlimited listeners. Buy as many channels as you like — each is its own $10/mo subscription.",Dashboard,dashboard/partials/chirp-section,,,
"A live room attaches to a normal discussion — sticky it, tag it, moderate it. Replies land under the audio while you talk, and the whole conversation stays when the room ends.",Public page,chirp/index,,,
Add a channel,"Dashboard, Public page","chirp/index, dashboard/partials/chirp-section",,,
Add another channel,Dashboard,dashboard/partials/chirp-section,,,
Add the free Chirp extension from your Extension Manager.,Public page,chirp/index,,,
Add-on,Public page,chirp/index,,,
All audio servers are full right now — you’re in line. Your channel sets up automatically as soon as capacity frees up.,Dashboard,dashboard/partials/chirp-section,,,
Announcements,Public page,chirp/index,,,
"Billed monthly, cancel anytime. Ends and your discussions keep the whole conversation — that’s the point.",Dashboard,dashboard/partials/chirp-section,,,
Can I cancel any time?,Public page,chirp/index,,,
Can I run two rooms at the same time?,Public page,chirp/index,,,
Cancel channel,Dashboard,dashboard/partials/chirp-section,,,
Change your slot count any time,Public page,chirp/index,,,
"Chirp adds live audio rooms to your Flarum forum. Go live on any discussion: speakers take the stage, unlimited listeners tune in with one click, and the thread itself is the chat. We run the audio server; you paste one key.",Public page,chirp/index,,,
Chirp cancelled. Your audio endpoint will stop shortly.,Message after an action,ChirpController,,,
Chirp removed.,Message after an action,ChirpController,,,
Chirp — Live Audio Rooms for Flarum,Public page,chirp/index,,,
Chirp — Live Audio for Flarum,Public page,chirp/index,,,
Contact us,Public page,chirp/index,,,
Copy your channel key from the dashboard into a single field — Chirp connects everything.,Public page,chirp/index,,,
Create channel,Dashboard,dashboard/partials/chirp-section,,,
Do listeners need an account?,Public page,chirp/index,,,
Do speakers need special software?,Public page,chirp/index,,,
"Each channel runs one live room at a time. Want simultaneous rooms — say, a main stage and a side hangout? Buy another channel. Each is its own dedicated audio server and its own subscription, unlimited channels per account.",Public page,chirp/index,,,
"Every channel is a dedicated media server on its own subdomain. We run, patch, and update it; you never touch a config file.",Public page,chirp/index,,,
"Every channel is its own subscription — add or cancel channels independently, any time.",Public page,chirp/index,,,
"Everyone who can see the discussion can tune in — guests included, one click, no signup. Listeners are never metered and never billed.",Public page,chirp/index,,,
Everything you need to know about Chirp live audio for Flarum.,Public page,chirp/index,,,
Frequently asked questions,Public page,chirp/index,,,
Get a channel,Public page,chirp/index,,,
Get started,Public page,chirp/index,,,
Go live,Public page,chirp/index,,,
Go live on any discussion.,Public page,chirp/index,,,
How do I set it up?,Public page,chirp/index,,,
"How many people can be on stage at once. Listeners are always unlimited, and you can change this any time (prorated).",Dashboard,dashboard/partials/chirp-section,,,
How many people can speak?,Public page,chirp/index,,,
How to install →,Public page,chirp/index,,,
Install the extension,"Dashboard, Public page","chirp/index, dashboard/partials/chirp-section",,,
Install the free Chirp extension and paste one key. Speakers need a browser and a microphone — nobody downloads anything.,Public page,chirp/index,,,
"Install the free Chirp extension, then paste one key from your dashboard into a single field. Your forum connects to your channel’s dedicated audio server automatically — no servers, ports, or media configuration. Built for zero server experience.",Public page,chirp/index,,,
LIVE,"Message after an action, Public page","ChirpController, chirp/index",,,
Live audio for Flarum,Public page,chirp/index,,,
"Live audio rooms built into your forum: speakers on stage, unlimited listeners, and the thread is the chat. When the room ends, the conversation stays — unlike a Space or a stage, nothing evaporates.",Public page,chirp/index,,,
"Live audio rooms tied to your discussions — stages, voice hangouts, community radio. A channel is its own dedicated audio server; unlimited listeners, unlimited rooms over time, one live at a time per channel.",Dashboard,dashboard/partials/chirp-section,,,
Live audio — Chirp,Dashboard,dashboard/partials/chirp-section,,,
Live rooms on any discussion,Public page,chirp/index,,,
More speakers,Public page,chirp/index,,,
"No media servers, no port forwarding, no app for your members — buy, paste, go live.",Public page,chirp/index,,,
"No — just a browser and a microphone. Listeners need even less: one click and the audio plays. There’s nothing for anyone to download, on desktop or mobile.",Public page,chirp/index,,,
"No. Anyone who can see the discussion can listen — including guests, in one click, no signup. Listeners are unlimited on every channel; they’re never metered and never billed.",Public page,chirp/index,,,
"Not another app your community has to join — a stage on the forum they’re already on, with a thread that outlives the show.",Public page,chirp/index,,,
On air in a minute.,Public page,chirp/index,,,
One channel is one dedicated audio server. We provision it automatically in about a minute.,Public page,chirp/index,,,
One price. Unlimited audience.,Public page,chirp/index,,,
One-key setup,Public page,chirp/index,,,
One-key setup · cancel anytime,Public page,chirp/index,,,
Open any discussion and hit Go live. Speakers take the stage; everyone else listens in one click.,Public page,chirp/index,,,
"Panels, co-hosts, open stages",Public page,chirp/index,,,
Paste one key,Public page,chirp/index,,,
Plan updated — your new limits apply within a minute.,Message after an action,ChirpController,,,
Prorated automatically,Public page,chirp/index,,,
Release Q&A — ask us anything,Public page,chirp/index,,,
Resume channel,Dashboard,dashboard/partials/chirp-section,,,
Resuming your channel — back up in a couple of minutes.,Message after an action,ChirpController,,,
See how it works,Public page,chirp/index,,,
Speaker slots,Dashboard,dashboard/partials/chirp-section,,,
Speaker slots (people on stage at once in this channel),Dashboard,dashboard/partials/chirp-section,,,
Still have questions?,Public page,chirp/index,,,
The discussion is the room.,Public page,chirp/index,,,
"The discussion remains — every reply, every link, the whole conversation, right where your community already lives. That’s the point: a Twitter Space or Discord stage evaporates when it ends; a Chirp room leaves a thread your forum keeps forever.",Public page,chirp/index,,,
The thread is the chat,Public page,chirp/index,,,
"This channel is suspended — usually a lapsed payment. Fix it in Billing below, then hit Resume.",Dashboard,dashboard/partials/chirp-section,,,
This channel isn’t suspended.,Message after an action,ChirpController,,,
Unlimited listeners,"Dashboard, Public page","chirp/index, dashboard/partials/chirp-section",,,
Unlimited listeners — never billed,Public page,chirp/index,,,
Want two rooms at once? Add a channel,Public page,chirp/index,,,
What happens when a room ends?,Public page,chirp/index,,,
What is Chirp?,Public page,chirp/index,,,
Who speaks is a forum permission,Public page,chirp/index,,,
"Yes — channels bill monthly and cancel from your dashboard in one click; the audio server simply stops. Every discussion your rooms ever ran on stays on your forum, untouched.",Public page,chirp/index,,,
Your audio channel is being set up — this takes a minute.,Dashboard,dashboard/partials/chirp-section,,,
Your own audio server,Public page,chirp/index,,,
Your own dedicated audio server,Public page,chirp/index,,,
listening,Public page,chirp/index,,,
mo,"Dashboard, Message after an action, Public page","ChirpController, chirp/index, dashboard/partials/chirp-section",,,
month,"Dashboard, Message after an action, Public page","ChirpController, chirp/index, dashboard/partials/chirp-section",,,
month per 5 slots,Public page,chirp/index,,,
on stage,"Dashboard, Public page","chirp/index, dashboard/partials/chirp-section",,,
one dedicated audio server · one live room at a time,Public page,chirp/index,,,
unavailable,Message after an action,ChirpController,,,
unlimited listeners,"Dashboard, Public page","chirp/index, dashboard/partials/chirp-section",,,
:n speaker slot|:n speaker slots,Dashboard,dashboard/partials/chirp-section,:n,,plural: singular|plural forms
:n speaker|:n speakers,Dashboard,dashboard/partials/chirp-section,:n,,plural: singular|plural forms
Rotate credentials? Your extension will need the new key.,Dashboard,dashboard/partials/chirp-section,,,
Cancel this channel? Its audio server will stop.,Dashboard,dashboard/partials/chirp-section,,,
Clear REC indicator while the room is live,Public page,chirp/index,,,
"Every live room is recorded and saved to your forum as part of the discussion — unlimited recordings, stored on your forum, never on our servers.",Dashboard,dashboard/partials/chirp-section,,,
Posted into the discussion when the room ends,Public page,chirp/index,,,
Recordings,"Dashboard, Message after an action, Public page","ChirpController, chirp/index, dashboard/partials/chirp-section",,,
Recordings off — rooms are no longer recorded.,Message after an action,ChirpController,,,
Recordings on — every room you go live in from now on is recorded to your forum.,Message after an action,ChirpController,,,
Rooms are recorded and saved into the discussion on your forum. Prorated automatically.,Dashboard,dashboard/partials/chirp-section,,,
"Toggle any time, prorated automatically",Public page,chirp/index,,,
Turn off,Dashboard,dashboard/partials/chirp-section,,,
Turn on,Dashboard,dashboard/partials/chirp-section,,,
Unlimited recordings — one flat price,Public page,chirp/index,,,
Your forum stores the audio — never our servers,Public page,chirp/index,,,
every room recorded · stored on your forum,Public page,chirp/index,,,
off,"Dashboard, Message after an action, Public page","ChirpController, chirp/index, dashboard/partials/chirp-section",,,
on,"Dashboard, Message after an action, Public page","ChirpController, chirp/index, dashboard/partials/chirp-section",,,
"A channel is a flat $:price a month with unlimited listeners — you only ever pay for the stage, never the audience.",Public page,chirp/index,:price,,
Get a channel — $:price/mo,Public page,chirp/index,:price,,
"Live audio rooms for your Flarum forum — go live on any discussion, unlimited listeners, and the thread is the chat. When the room ends, the conversation stays. From $:price/month.",Public page,chirp/index,:price,,
Manage Chirp channel :name,Dashboard,dashboard/partials/chirp-section,:name,,
Stripe still reports this subscription as :status — settle it in Billing first.,Message after an action,ChirpController,:status,,
Up to :max on stage at once — included,Public page,chirp/index,:max,,
"Up to :max people on stage at once — included with every channel, no per-speaker charges. Who may take the mic is a normal Flarum permission you control, and speaker policies (open stage, raise-hand, author-only) let the host run the room live.",Public page,chirp/index,:max,,
up to :max on stage,Dashboard,dashboard/partials/chirp-section,:max,,
Back to the extensions,Public page,tips/thanks,,,
Batteries included,Public page,extensions/index,,,
Browse extensions,Public page,extensions/index,,,
Chirp,"Site chrome (header, footer, search)",shared/footer,,yes,
Enjoying the extensions?,Public page,tips/index,,,
Enjoying them? Leave a tip,Public page,extensions/index,,,
"Every extension I build is free and stays free — no keys, no nags. If one of them made your forum better and you feel like saying thanks, a tip does exactly that. It goes straight into keeping them maintained.",Public page,tips/index,,,
Extensions that supercharge your forum,Public page,extensions/index,,,
Flarum Extensions,Public page,extensions/index,,,
Get help on the forum,Public page,extensions/index,,,
"One-off, via Stripe — no account needed.",Public page,tips/index,,,
"Open-source Flarum extensions built and maintained by Link Robins — widgets, content tools, and community features. Install with a single Composer command.",Public page,extensions/index,,,
Open-source extensions for Flarum — built and maintained by Link Robins.,Public page,extensions/index,,,
Our extensions will be listed here shortly.,Public page,extensions/index,,,
Packagist,Public page,extensions/index,,yes,
Send a tip,Public page,tips/index,,,
Source,Public page,extensions/index,,,
Thank you — genuinely.,Public page,tips/thanks,,,
Tips,"Message after an action, Public page, Site chrome (header, footer, search)","TipsController, shared/footer, tips/index, tips/thanks",,,
Tips like yours are why the extensions stay free for everyone. Your receipt is on its way from Stripe.,Public page,tips/thanks,,,
$:price a year — cancel anytime,Public page,home/index,:price,,
100% US-Based Infrastructure,Public page,home/index,,,
14-day trial,Public page,home/index,,,
:count open-source extensions for Flarum — installed from Packagist like any other.,Public page,home/index,:count,,
"Analytics built only for Flarum — visitors, search terms and forum health, right in your admin panel. No cookies, no script tag.",Public page,home/index,,,
Built by a Flarum Team Member,Public page,home/index,,,
Every stat stored in your own database,Public page,home/index,,,
"Everything your Flarum needs,",Public page,home/index,,,
Forum health: activation & reply gaps,Public page,home/index,,,
Founded by a US Marine Veteran,Public page,home/index,,,
Founder,Public page,home/index,,,
Free,Public page,home/index,,,
Free tier,Public page,home/index,,,
Go to your dashboard,Public page,home/index,,,
"Hosted realtime for your forum — live replies, typing indicators and presence. We run the websocket server; you paste one key.",Public page,home/index,,,
Learn more,Public page,home/index,,,
Live replies,Public page,home/index,,,
On air,Public page,home/index,,,
Open source,Public page,home/index,,,
Purpose-built tools for Flarum.,Public page,home/index,,,
Read on the forum,Public page,home/index,,,
Read the issue,Public page,home/index,,,
Someone is replying…,Public page,home/index,,,
Stay up to date,Public page,home/index,,,
Take your Flarum community,Public page,home/index,,,
The toolkit,Public page,home/index,,,
The web service for Flarum,Public page,home/index,,,
"The web service for Flarum — tools and hands-on help for forum owners: open-source extensions, forum analytics, hosted realtime for live discussions, and free uptime monitoring for any website.",Public page,home/index,,,
This week,Public page,home/index,,,
"Tools and hands-on help for Flarum owners — the technology handled for you, so you can focus on your community.",Public page,home/index,,,
US Marine veteran and Flarum Team Member.,Public page,home/index,,,
"Uptime, SSL, DNS, and response time on any site — checked every minute, with alerts the moment something changes.",Public page,home/index,,,
"Veteran-owned web service for Flarum — tools and hands-on help for forum owners: open-source extensions, hosted realtime, and free uptime monitoring.",Public page,home/index,,,
"Visitors, pageviews & countries",Public page,home/index,,,
in one place.,Public page,home/index,,,
to the next level.,Public page,home/index,,,
